distractor_family,real,mixed,fake
located in,0.8431372549019608,0.8264840182648402,0.7476635514018691
rests on,0.7755102040816326,0.9060773480662984,0.7258064516129032
